text,standardized,keyword,link,match_source,matched_from_text
MISCELLANEOUS DEBIT V2572 10/05 APPLE.COM/BILL SYDNEY 74798066130,Apple,APPLE.COM/BILL,,knowledge_base_direct,MISCELLANEOUS DEBIT V2572 10/05 APPLE.COM/BILL SYDNEY 74798066130
FEES V9819 07/12 INTL TXN FEE-SC 74163905342,,,,unresolved,
MISCELLANEOUS DEBIT V2965 23/12 Liquor Barons at Sunset GLENFIELD 24109335357,Liquor Barons,Liquor Barons at Sunset,,knowledge_base_direct,MISCELLANEOUS DEBIT V2965 23/12 Liquor Barons at Sunset GLENFIELD 24109335357
Visa Purchase 17Mar Big W/High Street Penrith,BIG W,Big W/High Street,,knowledge_base_direct,Visa Purchase 17Mar Big W/High Street Penrith
MISCELLANEOUS DEBIT V2965 12/02 Liquor Barons at Sunset GLENFIELD 24109336043,Liquor Barons,Liquor Barons at Sunset,,knowledge_base_keyword,MISCELLANEOUS DEBIT V2965 23/12 Liquor Barons at Sunset GLENFIELD 24109335357
Foreign Currency Conversn Fee,,,,unresolved,
EFTPOS DEBIT EFTPOS 19/01 16:58IGA GLENFIELD L0496GLENFIELD WA,IGA Glenfield,IGA GLENFIELD,https://www.iga.com.au/,ai_direct,EFTPOS DEBIT EFTPOS 19/01 16:58IGA GLENFIELD L0496GLENFIELD WA
Paypal *Microsoft 4029357733 Au,Microsoft,Microsoft,,knowledge_base_direct,Paypal *Microsoft 4029357733 Au
Visa Purchase 09Apr Paypal *Apple.Com/Bi 402935773,Apple,Apple.Com/Bi,,knowledge_base_direct,Visa Purchase 09Apr Paypal *Apple.Com/Bi 402935773
Foreign Currency Conversn Fee,,,,unresolved,
Atm Withdrawal -Wnb 29Jan15:52 Pioneer Tavern Nsw South Penrithau,Pioneer Tavern,Pioneer Tavern,https://www.pioneertavern.com.au,ai_direct,Atm Withdrawal -Wnb 29Jan15:52 Pioneer Tavern Nsw South Penrithau
Eftpos Debit 26Nov23:20 Medadvisor\,MedAdvisor,Medadvisor,,knowledge_base_direct,Eftpos Debit 26Nov23:20 Medadvisor\
Visa Purchase O/Seas 04Dec Eur17.80 Gncrep,,,,unresolved,
MOBIL RURAL VIEW RURAL VIEW QLDAU,Mobil,MOBIL RURAL VIEW,,knowledge_base_direct,MOBIL RURAL VIEW RURAL VIEW QLDAU
VISA WDL APPLE.COM/BILL SYDNEY AU,Apple,APPLE.COM/BILL,,knowledge_base_keyword,MISCELLANEOUS DEBIT V2572 10/05 APPLE.COM/BILL SYDNEY 74798066130
Eftpos Wdl U GO YAMBA YAMBA AU,U-Go,U GO YAMBA,,knowledge_base_direct,Eftpos Wdl U GO YAMBA YAMBA AU
IBank Trf Transferred from MRS L G SIMPSON Mobile Banking,,,,unresolved,
AUTOMATIC DRAWING DT.553eq2 2 EZI 2 EZI Cyal McInnerney,,,,unresolved,
FEES V1459 22/03 INTL TXN FEE-MC 74007036082,,,,unresolved,
FEES V1459 30/03 INTL TXN FEE-MC 24352946089,,,,unresolved,
MISCELLANEOUS DEBIT V1459 03/04 WFUN SMEDGE 585-202243 24906416093,,,,unresolved,
MISCELLANEOUS DEBIT V1459 20/12 SPMecha WT Austin 24388865354,,,,unresolved,
MISCELLANEOUS DEBIT V1459 22/02 AWX*Priwar WR SSPH.SKILL 24692166053,Priwar,AWX*Priwar WR SSPH.SKILL,,knowledge_base_direct,MISCELLANEOUS DEBIT V1459 22/02 AWX*Priwar WR SSPH.SKILL 24692166053
MISCELLANEOUS DEBIT V1459 17/02 AWX*Priwar WR SSPH.SKILL 24692166048,Priwar,AWX*Priwar WR SSPH.SKILL,,knowledge_base_keyword,MISCELLANEOUS DEBIT V1459 22/02 AWX*Priwar WR SSPH.SKILL 24692166053
MISCELLANEOUS DEBIT V1459 02/02 Bupe Game Las Vegas 24388866033,Bupe Game,Bupe Game,https://www.bupegame.com,ai_direct,MISCELLANEOUS DEBIT V1459 02/02 Bupe Game Las Vegas 24388866033
FEES V1459 04/04 INTL TXN FEE-MC 74007036095,,,,unresolved,
Visa Purchase 22Mar Woolworths/Maxwell S South Pen,Woolworths,Woolworths/Maxwell S,,knowledge_base_direct,Visa Purchase 22Mar Woolworths/Maxwell S South Pen
MINNIPPI GOLF & RANGE,Minnippi Golf & Range,MINNIPPI GOLF & RANGE,,knowledge_base_direct,MINNIPPI GOLF & RANGE
ROCHEDALEMKT L0856 ROCHEDALE QL AUS Card xx3034 Value Date: 04/01/2026,Rochedale Markets,ROCHEDALEMKT,,knowledge_base_direct,ROCHEDALEMKT L0856 ROCHEDALE QL AUS Card xx3034 Value Date: 04/01/2026
VENDCLUB INDOOROOPILLY AU AUS Card xx3034 Value Date: 23/03/2026,VendClub,VENDCLUB,,knowledge_base_direct,VENDCLUB INDOOROOPILLY AU AUS Card xx3034 Value Date: 23/03/2026
Direct Credit 421520 Verso Construct 0043-26/04/28,Verso Construction,Verso Construct,https://www.versoconstruction.com.au,ai_direct,Direct Credit 421520 Verso Construct 0043-26/04/28
FILL N GO PTY LTD Newtown AU AUS Card xx3034 Value Date: 22/03/2026,Fill n Go,FILL N GO PTY LTD,,knowledge_base_direct,FILL N GO PTY LTD Newtown AU AUS Card xx3034 Value Date: 22/03/2026
COLES 4595 UPP MT GRVT 04 AUS Card xx3034 Value Date: 14/03/2026,Coles,COLES 4595,,knowledge_base_direct,COLES 4595 UPP MT GRVT 04 AUS Card xx3034 Value Date: 14/03/2026
UBER *ONE MEMBERSHIP Sydney AU AUS Card xx0851 Value Date: 24/04/2026,Uber,UBER *ONE MEMBERSHIP,,knowledge_base_direct,UBER *ONE MEMBERSHIP Sydney AU AUS Card xx0851 Value Date: 24/04/2026
CHAMPIONS KRAV MAGA,Champions Krav Maga Academy,CHAMPIONS KRAV MAGA,,knowledge_base_direct,CHAMPIONS KRAV MAGA
WOOLWORTHS 4326 NORTHAM WA AUS Card xx9327 Value Date: 24/04/2026,Woolworths,WOOLWORTHS 4326,,knowledge_base_direct,WOOLWORTHS 4326 NORTHAM WA AUS Card xx9327 Value Date: 24/04/2026
Google Toon Blast Barangaroo AU AUS Card xx9327 Value Date: 13/11/2025,Toon Blast,Toon Blast,,knowledge_base_direct,Google Toon Blast Barangaroo AU AUS Card xx9327 Value Date: 13/11/2025
OFFICEWORKS 0608 MIDLAND AU,Officeworks,OFFICEWORKS 0608,,knowledge_base_direct,OFFICEWORKS 0608 MIDLAND AU
Google Toon Blast Barangaroo AU AUS Card xx9327 Value Date: 26/02/2026,Toon Blast,Toon Blast,,knowledge_base_keyword,Google Toon Blast Barangaroo AU AUS Card xx9327 Value Date: 13/11/2025
DUNNINGS NORTHAM NORTHAM AU,Dunning's Fuel,DUNNINGS,,knowledge_base_direct,DUNNINGS NORTHAM NORTHAM AU
SM RNR Plovdiv BGR Card xx3856 AUD 100.00 Value Date: 04/02/2026,SM RNR Plovdiv,SM RNR Plovdiv,https://www.smrnr.com,ai_keyword,SM RNR Plovdiv BGR Card xx6354 AUD 100.00 Value Date: 05/12/2025
Adjust Purchase ADJUSTMENT TO ACCOUNT Card xx3856 AUD 88.00 Value Date: 11/01/2026,,,,unresolved,
SM RNR Plovdiv BGR Card xx6354 AUD 100.00 Value Date: 05/12/2025,SM RNR Plovdiv,SM RNR Plovdiv,https://www.smrnr.com,ai_direct,SM RNR Plovdiv BGR Card xx6354 AUD 100.00 Value Date: 05/12/2025
Canva* paAAAG75VO75KYBA,Canva,Canva,,knowledge_base_direct,Canva* paAAAG75VO75KYBA
SM RNR Plovdiv BGR Card xx3856 AUD 100.00 Value Date: 20/02/2026,SM RNR Plovdiv,SM RNR Plovdiv,https://www.smrnr.com,ai_keyword,SM RNR Plovdiv BGR Card xx6354 AUD 100.00 Value Date: 05/12/2025
JAMBROOK HOLDINGS PTY JERRARA AUS Card xx3856 Value Date: 06/04/2026,Jambrook Holdings Pty Ltd,JAMBROOK HOLDINGS PTY,,knowledge_base_direct,JAMBROOK HOLDINGS PTY JERRARA AUS Card xx3856 Value Date: 06/04/2026
Australian Postal Corp MELBOURNE AU AUS Card xx3856 Value Date: 25/02/2026,Australia Post,Australian Postal Corp,,knowledge_base_direct,Australian Postal Corp MELBOURNE AU AUS Card xx3856 Value Date: 25/02/2026
SM RNR Plovdiv BGR Card xx3856 AUD 200.00 Value Date: 05/03/2026,SM RNR Plovdiv,SM RNR Plovdiv,https://www.smrnr.com,ai_keyword,SM RNR Plovdiv BGR Card xx6354 AUD 100.00 Value Date: 05/12/2025
SM RNR Plovdiv BGR Card xx3856 AUD 100.00 Value Date: 16/01/2026,SM RNR Plovdiv,SM RNR Plovdiv,https://www.smrnr.com,ai_keyword,SM RNR Plovdiv BGR Card xx6354 AUD 100.00 Value Date: 05/12/2025
Wdl ATM ETX ILLAWARRA BUILDERS WOLLONGONG AU,,,,unresolved,
TAB LIMITED 61398682374 AU AUS Card xx3856 Value Date: 21/03/2026,TAB,TAB LIMITED,,knowledge_base_direct,TAB LIMITED 61398682374 AU AUS Card xx3856 Value Date: 21/03/2026
SM RNR Plovdiv BGR Card xx3856 AUD 100.00 Value Date: 18/03/2026,SM RNR Plovdiv,SM RNR Plovdiv,https://www.smrnr.com,ai_keyword,SM RNR Plovdiv BGR Card xx6354 AUD 100.00 Value Date: 05/12/2025
Direct Debit 412031 FITNESS PASSPORT 1297602-0,Fitness Passport,FITNESS PASSPORT,,knowledge_base_direct,Direct Debit 412031 FITNESS PASSPORT 1297602-0
SM RNR Plovdiv BGR Card xx6354 AUD 100.00 Value Date: 24/12/2025,,,,unresolved,
ATM DEBIT EFTEX ATM 06th13:00MORANBAH WORKERS 1,,,,unresolved,
Visa Purchase 01May Mcdonalds Penrith Le Penrith,McDonald's,Mcdonalds,,knowledge_base_direct,Visa Purchase 01May Mcdonalds Penrith Le Penrith
Visa Purchase 10May Woolworths/Maxwell S South Pen,Woolworths,Woolworths/Maxwell S,,knowledge_base_keyword,Visa Purchase 22Mar Woolworths/Maxwell S South Pen
Visa Purchase 24Mar Kmart 1097 Penrith,Kmart,Kmart 1097,,knowledge_base_direct,Visa Purchase 24Mar Kmart 1097 Penrith
Eftpos Debit 09Apr15:50 Zlr*Beauty By Rachael Penrith Nswau,Beauty By Rachael-Lee,Zlr*Beauty By Rachael,,knowledge_base_direct,Eftpos Debit 09Apr15:50 Zlr*Beauty By Rachael Penrith Nswau
Osko Deposit 30Nov16:38 Grace Prevost,,,,unresolved,
Eftpos Debit 22Nov18:45 The Hoyts Corporatio Penrith Nswau,HOYTS,The Hoyts Corporatio,,knowledge_base_direct,Eftpos Debit 22Nov18:45 The Hoyts Corporatio Penrith Nswau
Visa Purchase 23Jan Cotton On Mt Druitt Mt Druitt,Cotton On,Cotton On,,knowledge_base_direct,Visa Purchase 23Jan Cotton On Mt Druitt Mt Druitt
Visa Purchase 15Mar Ls Anita Gelato Bondi,Anita Gelato,Ls Anita Gelato,,knowledge_base_direct,Visa Purchase 15Mar Ls Anita Gelato Bondi
Visa Purchase 13Apr Apple.Com/Bill Sydney,Apple,APPLE.COM/BILL,,knowledge_base_keyword,MISCELLANEOUS DEBIT V2572 10/05 APPLE.COM/BILL SYDNEY 74798066130
Nrma Insurance Motn00014747680018,Nrma Insurance,Nrma Insurance,,knowledge_base_direct,Nrma Insurance Motn00014747680018
Visa Purchase 10Apr Kmart 1097 Penrith,Kmart,Kmart 1097,,knowledge_base_keyword,Visa Purchase 24Mar Kmart 1097 Penrith
Visa Purchase 20Apr Ipy*Ruttleyservices Chatswood,Ruttley Services,Ipy*Ruttleyservices,,knowledge_base_direct,Visa Purchase 20Apr Ipy*Ruttleyservices Chatswood
Eftpos Debit 01Apr12:31 Choice Vincentia \Vincentia Au,Choice,Choice,,knowledge_base_direct,Eftpos Debit 01Apr12:31 Choice Vincentia \Vincentia Au
Hcfhealth 009804951Svewyn291,Hcfhealth,Hcfhealth,,knowledge_base_direct,Hcfhealth 009804951Svewyn291
FEES V9941 21/04 INTL TXN FEE-MC 24352946112,,,,unresolved,
Visa Purchase O/Seas 06Apr Eur17.98 Alventa,Alventa,Alventa,https://www.alventa.com,ai_keyword,Visa Purchase O/Seas 06Mar Eur18.16 Alventa
Eftpos Debit 10Jan19:37 Happy Inn \Penrith Au,Happy Inn,Happy Inn,,knowledge_base_direct,Eftpos Debit 10Jan19:37 Happy Inn \Penrith Au
TRANSFER CREDIT PAYPAL 20260425030170224569,PayPal AU,PAYPAL,,knowledge_base_direct,TRANSFER CREDIT PAYPAL 20260425030170224569
FEES V9941 07/03 INTL TXN FEE-MC 74007036067,,,,unresolved,
Visa Purchase 26Feb Woolworths/Lakeside Jordan Sp,Woolworths,Woolworths/Lakeside,,knowledge_base_direct,Visa Purchase 26Feb Woolworths/Lakeside Jordan Sp
Visa Purchase 08Jan Woolworths/Lakeside Jordan Sp,Woolworths,Woolworths/Lakeside,,knowledge_base_keyword,Visa Purchase 26Feb Woolworths/Lakeside Jordan Sp
MISCELLANEOUS DEBIT V9941 29/01 WFUN GAME 2022904969 24036296029,,,,unresolved,
Atm Withdrawal -Wnb 12Jan17:48 Pioneer Tavern Nsw South Penrithau,Pioneer Tavern,Pioneer Tavern,https://www.pioneertavern.com.au,ai_keyword,Atm Withdrawal -Wnb 29Jan15:52 Pioneer Tavern Nsw South Penrithau
Visa Purchase O/Seas 06Mar Eur18.16 Alventa,Alventa,Alventa,https://www.alventa.com,ai_direct,Visa Purchase O/Seas 06Mar Eur18.16 Alventa
Visa Purchase 21Feb Woolworths/Lakeside Jordan Sp,Woolworths,Woolworths/Lakeside,,knowledge_base_keyword,Visa Purchase 26Feb Woolworths/Lakeside Jordan Sp
FEES V9941 26/04 INTL TXN FEE-MC 24906416116,,,,unresolved,
VISA PURCHASE BET 365 BET365.COM 20/03 AU AUD,bet365,BET365.COM,,knowledge_base_direct,VISA PURCHASE BET 365 BET365.COM 20/03 AU AUD
VISA PURCHASE BET 365 BET365.COM 30/01 AU AUD,bet365,BET365.COM,,knowledge_base_keyword,VISA PURCHASE BET 365 BET365.COM 20/03 AU AUD
VISA PURCHASE Vegastars Nicosia 12/03 CY 100.000 AUD,Vegastars Nicosia,Vegastars Nicosia,,knowledge_base_direct,VISA PURCHASE Vegastars Nicosia 12/03 CY 100.000 AUD
ATM WITHDRAWAL COOLUM BEACH SLSC,Coolum Beach SLSC,COOLUM BEACH SLSC,https://coolumbeachslsc.com.au,ai_direct,ATM WITHDRAWAL COOLUM BEACH SLSC
VISA CREDIT bet365 com au North Sydn AU,bet365,BET365.COM,,knowledge_base_keyword,VISA PURCHASE BET 365 BET365.COM 20/03 AU AUD
OSKO PAYMENT FROM SHAUN OSBORNE Me REF NO 30262640,,,,unresolved,
VISA CASH ADV KAWANA WATERS HTL 2 BUDDINA 08/05 AU AUD,Kawana Waters Hotel,KAWANA WATERS HTL,https://www.kawanawatershotel.com.au,ai_direct,VISA CASH ADV KAWANA WATERS HTL 2 BUDDINA 08/05 AU AUD
VISA PURCHASE BET 365 BET365.COM 22/03 AU AUD,bet365,BET365.COM,,knowledge_base_keyword,VISA PURCHASE BET 365 BET365.COM 20/03 AU AUD
VISA PURCHASE BOSSBET Macq Gosford 21/02 AU AUD,BossBet,BOSSBET,,knowledge_base_direct,VISA PURCHASE BOSSBET Macq Gosford 21/02 AU AUD
VISA PURCHASE WOOLWORTHS/SOUTH COOLU COOLUM BEACH 07/05 AU AUD,Woolworths,WOOLWORTHS,,knowledge_base_direct,VISA PURCHASE WOOLWORTHS/SOUTH COOLU COOLUM BEACH 07/05 AU AUD
ATM WITHDRAWAL COOLUM HOTEL,Coolum Hotel,COOLUM HOTEL,https://www.coolumhotel.com.au,ai_direct,ATM WITHDRAWAL COOLUM HOTEL
VISA PURCHASE BET 365 BET365.COM 18/04 AU AUD,bet365,BET365.COM,,knowledge_base_keyword,VISA PURCHASE BET 365 BET365.COM 20/03 AU AUD
VISA PURCHASE BET 365 BET365.COM 14/02 AU AUD,bet365,BET365.COM,,knowledge_base_keyword,VISA PURCHASE BET 365 BET365.COM 20/03 AU AUD
VISA PURCHASE NPC Cafe Coolum Coolum Beach 14/02 AU AUD,NPC Cafe,NPC Cafe,,knowledge_base_direct,VISA PURCHASE NPC Cafe Coolum Coolum Beach 14/02 AU AUD
ATM WITHDRAWAL NP-The Surf Club Moolo,The Surf Club Mooloolaba,The Surf Club Moolo,https://www.thesurfclubmooloolaba.com.au,ai_direct,ATM WITHDRAWAL NP-The Surf Club Moolo
UBER *EATS HELP.UBER.C Sydney AUS,Uber,UBER *EATS,,knowledge_base_direct,UBER *EATS HELP.UBER.C Sydney AUS
VISA WDL APPLE.COM/BILL SYDNEY AU,Apple,APPLE.COM/BILL,,knowledge_base_keyword,MISCELLANEOUS DEBIT V2572 10/05 APPLE.COM/BILL SYDNEY 74798066130
EFT Dep ACCESSPAY LeeNola Simpson,,,,unresolved,
TRANSFER CREDIT PAYPAL 20251222020170066214,PayPal AU,PAYPAL,,knowledge_base_keyword,TRANSFER CREDIT PAYPAL 20260425030170224569
MISCELLANEOUS DEBIT V1459 03/04 WFUN SMEDGE 585-202243 24906416093,,,,unresolved,
FEES V1459 20/12 INTL TXN FEE-MC 24388865354,,,,unresolved,
MISCELLANEOUS DEBIT V1459 02/04 HAPPYFARM@DRAGFIR.CO 719-214509 24352946093,,,,unresolved,
MISCELLANEOUS DEBIT V1459 08/02 ONA*AFM BBPS norhengame 74007036040,,,,unresolved,
MISCELLANEOUS DEBIT V1459 07/05 HAPPYFARM@DRAGFIR.CO 719-214509 24352946128,,,,unresolved,
FEES V1459 21/12 INTL TXN FEE-MC 24388865355,,,,unresolved,
INDEBTED,,,,unresolved,
MISCELLANEOUS DEBIT V9819 26/11 MCDONALDS G HOMEMAKE WEBBERTON 74564725331,McDonald's,Mcdonalds,,knowledge_base_keyword,Visa Purchase 01May Mcdonalds Penrith Le Penrith
MISCELLANEOUS DEBIT V2965 26/02 CITY OF GRT GERALDTON MOONYOONOO 74564726058,City of Greater Geraldton,CITY OF GRT GERALDTON,,knowledge_base_direct,MISCELLANEOUS DEBIT V2965 26/02 CITY OF GRT GERALDTON MOONYOONOO 74564726058
MISCELLANEOUS DEBIT V9819 22/11 COLES 0350 GERALDTON 74363965326,Coles,COLES,,knowledge_base_direct,MISCELLANEOUS DEBIT V9819 22/11 COLES 0350 GERALDTON 74363965326
INTER-BANK CREDIT 1048347702290 PAYPAL AUSTRALIA CYAL EDWARD MCIN,PayPal AU,PAYPAL,,knowledge_base_keyword,TRANSFER CREDIT PAYPAL 20260425030170224569
DEPOSIT MERRY CHRISTMAS|,,,,unresolved,
Tfr Wdl BPAY Internet 18Feb05:33 0201874435 Engie,Engie,Engie,https://www.engie.com.au,ai_direct,Tfr Wdl BPAY Internet 18Feb05:33 0201874435 Engie
Visa Purchase O/Seas 06Dec Eur22.82 Applepay,Apple,Applepay,https://www.apple.com,ai_direct,Visa Purchase O/Seas 06Dec Eur22.82 Applepay
Dcj Caf Payroll 126900372720016301,,,,unresolved,
Visa Purchase 01Dec Mcdonalds Narellant/ Narellan,McDonald's,Mcdonalds,,knowledge_base_keyword,Visa Purchase 01May Mcdonalds Penrith Le Penrith
Visa Purchase 13Dec Www.Alhgroup.Com* Me Surry Hil,ALH Group,Www.Alhgroup.Com*,,knowledge_base_direct,Visa Purchase 13Dec Www.Alhgroup.Com* Me Surry Hil
Tfr Wdl BPAY Internet 12Mar05:36 2100036944292 Telstra Services,Telstra,Telstra,,knowledge_base_direct,Tfr Wdl BPAY Internet 12Mar05:36 2100036944292 Telstra Services
Foreign Currency Conversn Fee,,,,unresolved,
Visa Purchase 09Dec Alventa Malta,Alventa Malta,Alventa Malta,https://www.alventamalta.com,ai_keyword,Visa Purchase 12Dec Alventa Malta
Visa Purchase 02Dec Alventa Malta,Alventa Malta,Alventa Malta,https://www.alventamalta.com,ai_keyword,Visa Purchase 12Dec Alventa Malta
Visa Purchase O/Seas 07Jan Eur14.46 Silent Horizon Netwo,Silent Horizon Network,Silent Horizon Netwo,https://silenthorizon.network,ai_direct,Visa Purchase O/Seas 07Jan Eur14.46 Silent Horizon Netwo
Eftpos Debit 11Dec12:13 Sushi Haroo Nswnswau,Sushi Haroo,Sushi Haroo,,knowledge_base_direct,Eftpos Debit 11Dec12:13 Sushi Haroo Nswnswau
Visa Purchase 12Dec Alventa Malta,Alventa Malta,Alventa Malta,https://www.alventamalta.com,ai_direct,Visa Purchase 12Dec Alventa Malta
MISCELLANEOUS DEBIT V2572 05/03 APPLE.COM/BILL SYDNEY 74798066064,Apple,APPLE.COM/BILL,,knowledge_base_keyword,MISCELLANEOUS DEBIT V2572 10/05 APPLE.COM/BILL SYDNEY 74798066130
MISCELLANEOUS DEBIT V2572 11/12 ELGAS LIMITED NORTH RYDE 74564725345,Elgas Limited,ELGAS LIMITED,,knowledge_base_direct,MISCELLANEOUS DEBIT V2572 11/12 ELGAS LIMITED NORTH RYDE 74564725345
Credit Interest,,,,unresolved,
MISCELLANEOUS DEBIT V2572 11/12 Optus Billing MacquarieP 74564455345,Optus,Optus Billing,,knowledge_base_direct,MISCELLANEOUS DEBIT V2572 11/12 Optus Billing MacquarieP 74564455345
ROCHEDALEMKT L0856 ROCHEDALE QL AUS Card xx3034 Value Date: 28/03/2026,Rochedale Markets,ROCHEDALEMKT,,knowledge_base_keyword,ROCHEDALEMKT L0856 ROCHEDALE QL AUS Card xx3034 Value Date: 04/01/2026
EVENT GARDEN CITY Mt Gravatt AU AUS Card xx3034 Value Date: 08/02/2026,Event Cinemas Garden City,EVENT GARDEN CITY,,knowledge_base_direct,EVENT GARDEN CITY Mt Gravatt AU AUS Card xx3034 Value Date: 08/02/2026
PINEAPPLE HOTEL KANGAROO POIN AU AUS Card xx3034 Value Date: 28/11/2025,Pineapple Hotel,PINEAPPLE HOTEL,,knowledge_base_direct,PINEAPPLE HOTEL KANGAROO POIN AU AUS Card xx3034 Value Date: 28/11/2025
Direct Debit 387342 Goodlife Holland A00LKY8U1P34,Goodlife Health Clubs,Goodlife,,knowledge_base_direct,Direct Debit 387342 Goodlife Holland A00LKY8U1P34
Direct Debit 387342 Goodlife Holland A00LVTZG080Z,Goodlife Health Clubs,Goodlife,,knowledge_base_keyword,Direct Debit 387342 Goodlife Holland A00LKY8U1P34
WOOLWORTHS 4326 NORTHAM WA AUS Card xx9327 Value Date: 10/02/2026,Woolworths,WOOLWORTHS 4326,,knowledge_base_keyword,WOOLWORTHS 4326 NORTHAM WA AUS Card xx9327 Value Date: 24/04/2026
Google Toon Blast Barangaroo AU AUS Card xx9327 Value Date: 10/01/2026,Toon Blast,Toon Blast,,knowledge_base_keyword,Google Toon Blast Barangaroo AU AUS Card xx9327 Value Date: 13/11/2025
Debit Excess Interest,,,,unresolved,
SPUD SHED NORTHAM AUS Card xx9327 Value Date: 17/11/2025,Spudshed,SPUD SHED,,knowledge_base_direct,SPUD SHED NORTHAM AUS Card xx9327 Value Date: 17/11/2025
Google Toon Blast Barangaroo AU AUS Card xx9327 Value Date: 01/01/2026,Toon Blast,Toon Blast,,knowledge_base_keyword,Google Toon Blast Barangaroo AU AUS Card xx9327 Value Date: 13/11/2025
GREAT SOUTHERN FUELS NORTHAM AUS Card xx9327 Value Date: 07/01/2026,Great Southern Fuels,GREAT SOUTHERN FUELS,,knowledge_base_direct,GREAT SOUTHERN FUELS NORTHAM AUS Card xx9327 Value Date: 07/01/2026
Foreign Currency Conversn Fee,,,,unresolved,
MISCELLANEOUS DEBIT V9941 19/02 AWX*Priwar WR SSPH.SKILL 24692166050,Priwar,AWX*Priwar WR SSPH.SKILL,,knowledge_base_keyword,MISCELLANEOUS DEBIT V1459 22/02 AWX*Priwar WR SSPH.SKILL 24692166053
Visa Purchase 22Dec Woolworths/Lakeside Jordan Sp,Woolworths,Woolworths/Lakeside,,knowledge_base_keyword,Visa Purchase 26Feb Woolworths/Lakeside Jordan Sp
MISCELLANEOUS DEBIT V9941 10/05 SPORTSBET WWW.SPORTS 74316016130,Sportsbet,SPORTSBET WWW.SPORTS,,knowledge_base_direct,MISCELLANEOUS DEBIT V9941 10/05 SPORTSBET WWW.SPORTS 74316016130
MISCELLANEOUS DEBIT V9941 06/01 WFUN GAME 2022904969 24036296006,,,,unresolved,
MISCELLANEOUS DEBIT V9941 26/04 WFUN SMEDGE 585-202243 24906416116,,,,unresolved,
Eftpos Debit 14Mar12:08 Sunshine Communicationpenrith Au,Sunshine Communication,Sunshine Communication,,knowledge_base_direct,Eftpos Debit 14Mar12:08 Sunshine Communicationpenrith Au
MISCELLANEOUS DEBIT V9941 11/04 AWX*Priwar WR SSPH.SKILL 24692166101,Priwar,AWX*Priwar WR SSPH.SKILL,,knowledge_base_keyword,MISCELLANEOUS DEBIT V1459 22/02 AWX*Priwar WR SSPH.SKILL 24692166053
Osko Deposit 24Mar20:52 Fairbairn Bros Reece M Mcguire,Fairbairn Bros,Fairbairn Bros,https://www.fairbairnbros.com.au,ai_direct,Osko Deposit 24Mar20:52 Fairbairn Bros Reece M Mcguire
Qantas Health 68308258,Qantas Health Insurance,Qantas Health,,knowledge_base_direct,Qantas Health 68308258
Qantas Health 68308258,Qantas Health Insurance,Qantas Health,,knowledge_base_direct,Qantas Health 68308258
Visa Purchase 26Jan Woolworths/Maxwell S South Pen,Woolworths,Woolworths/Maxwell S,,knowledge_base_keyword,Visa Purchase 22Mar Woolworths/Maxwell S South Pen
MISCELLANEOUS DEBIT V6062 28/04 WFUN SMEDGE 585-202243 24906416118,,,,unresolved,
VISA PURCHASE BET 365 BET365.COM 12/03 AU AUD,bet365,BET365.COM,,knowledge_base_keyword,VISA PURCHASE BET 365 BET365.COM 20/03 AU AUD
VISA PURCHASE BET 365 BET365.COM 30/01 AU AUD,bet365,BET365.COM,,knowledge_base_keyword,VISA PURCHASE BET 365 BET365.COM 20/03 AU AUD
EFTPOS WDL GLASSHOUSE BAR SCA \NAMBOUR AU,Glasshouse Bar,GLASSHOUSE BAR,https://www.glasshousebar.com.au,ai_direct,EFTPOS WDL GLASSHOUSE BAR SCA \NAMBOUR AU
VISA PURCHASE BET 365 BET365.COM 14/01 AU AUD,bet365,BET365.COM,,knowledge_base_keyword,VISA PURCHASE BET 365 BET365.COM 20/03 AU AUD
ATM OPERATOR FEE WITHDRAWAL PUB MOOLOOLABA,Pub Mooloolaba,PUB MOOLOOLABA,https://www.pubmooloolaba.com.au,ai_direct,ATM OPERATOR FEE WITHDRAWAL PUB MOOLOOLABA
BET 365 DARWIN AU,bet365,BET 365,,knowledge_base_direct,BET 365 DARWIN AU
ATM WITHDRAWAL COOLUM BEACH SLSC,Coolum Beach SLSC,COOLUM BEACH SLSC,https://coolumbeachslsc.com.au,ai_direct,ATM WITHDRAWAL COOLUM BEACH SLSC
VISA PURCHASE TF* GOODASIAN.YUMBOJUM KYNETON 17/04 AU AUD,Good Asian Yum Bo Jum,GOODASIAN.YUMBOJUM,https://www.goodasian.com.au,ai_direct,VISA PURCHASE TF* GOODASIAN.YUMBOJUM KYNETON 17/04 AU AUD
ATM WITHDRAWAL NP-Skycity AdelaideCas,SkyCity Adelaide Casino,Skycity AdelaideCas,https://www.skycityadelaide.com.au,ai_direct,ATM WITHDRAWAL NP-Skycity AdelaideCas
VISA PURCHASE BET 365 BET365.COM 19/03 AU AUD,bet365,BET365.COM,,knowledge_base_keyword,VISA PURCHASE BET 365 BET365.COM 20/03 AU AUD
VISA PURCHASE ALH VENUES/DAVID LOW W COOLUM BCH 14/05 AU AUD,ALH Hotels,ALH VENUES/DAVID LOW W,,knowledge_base_direct,VISA PURCHASE ALH VENUES/DAVID LOW W COOLUM BCH 14/05 AU AUD
DIRECT CREDIT CORESTAFF NT 500036152,Corestaff,CORESTAFF,https://www.corestaff.com.au,ai_direct,DIRECT CREDIT CORESTAFF NT 500036152
ATM OPERATOR FEE WITHDRAWAL COOLUM HOTEL,Coolum Hotel,COOLUM HOTEL,https://www.coolumhotel.com.au,ai_keyword,ATM WITHDRAWAL COOLUM HOTEL
VISA PURCHASE SP MR SCULPT EDMONTON 17/04 AB 106.000 AUD,MR SCULPT,MR SCULPT,https://mrsculpt.ca,ai_direct,VISA PURCHASE SP MR SCULPT EDMONTON 17/04 AB 106.000 AUD
VISA PURCHASE TRANSPORTMAINRDS BRISBANE 18/12 AU AUD,Queensland Department of Transport and Main Roads,TRANSPORTMAINRDS,,knowledge_base_direct,VISA PURCHASE TRANSPORTMAINRDS BRISBANE 18/12 AU AUD
SQ *BENZIE?S botany NS AUS Card xx6354 Value Date: 06/01/2026,Benzie's Cafe,BENZIE?S,,knowledge_base_direct,SQ *BENZIE?S botany NS AUS Card xx6354 Value Date: 06/01/2026
Stake Sydney AUS Card xx3856 Value Date: 31/03/2026,Stake,Stake,,knowledge_base_direct,Stake Sydney AUS Card xx3856 Value Date: 31/03/2026
SM RNR Plovdiv BGR Card xx3856 AUD 100.00 Value Date: 03/04/2026,SM RNR Plovdiv,SM RNR Plovdiv,https://www.smrnr.com,ai_keyword,SM RNR Plovdiv BGR Card xx6354 AUD 100.00 Value Date: 05/12/2025
SM RNR Plovdiv BGR Card xx6354 AUD 100.00 Value Date: 25/12/2025,,,,unresolved,
SPORTSBET MELBOURNE AUS Card xx3856 Value Date: 17/01/2026,Sportsbet,SPORTSBET,,knowledge_base_direct,SPORTSBET MELBOURNE AUS Card xx3856 Value Date: 17/01/2026
AMAZON AU RETAIL SYDNEY AUS Card xx3856 Value Date: 04/02/2026,Amazon AU Retail,AMAZON AU RETAIL,,knowledge_base_direct,AMAZON AU RETAIL SYDNEY AUS Card xx3856 Value Date: 04/02/2026
OVERDRAWN FEE 16-FEBRUARY-2026,,,,unresolved,
Wdl ATM ETX ILLAWARRA BUILDERS WOLLONGONG AU,,,,unresolved,
Non CBA ATM Withdrawal Fee,,,,unresolved,
PHOENIX HEALTH FUND NE NEWCASTLE NS AUS Card xx6354 Value Date: 25/12/2025,Phoenix Health Fund,PHOENIX HEALTH FUND,,knowledge_base_direct,PHOENIX HEALTH FUND NE NEWCASTLE NS AUS Card xx6354 Value Date: 25/12/2025
DEPOSIT-SALARY Metricon Homes 16272,Metricon Homes,Metricon Homes,https://www.metricon.com.au,ai_direct,DEPOSIT-SALARY Metricon Homes 16272
Australian Postal Corp MELBOURNE AU AUS Card xx3856 Value Date: 10/04/2026,Australia Post,Australian Postal Corp,,knowledge_base_keyword,Australian Postal Corp MELBOURNE AU AUS Card xx3856 Value Date: 25/02/2026
Visa Purchase 30Mar Mcdonalds Bomaderry Bomaderry,McDonald's,Mcdonalds,,knowledge_base_keyword,Visa Purchase 01May Mcdonalds Penrith Le Penrith
Visa Purchase 10Feb Paul S Cafe Ellis Lan,Paul's Cafe,Paul S Cafe,,knowledge_base_direct,Visa Purchase 10Feb Paul S Cafe Ellis Lan
CREDITCORPGROUP QB SYDNEY,Credit Corp,CREDITCORPGROUP QB,,knowledge_base_direct,CREDITCORPGROUP QB SYDNEY
Eftpos Csh COLES 4551 YAMBA AU,Coles,COLES,,knowledge_base_keyword,MISCELLANEOUS DEBIT V9819 22/11 COLES 0350 GERALDTON 74363965326
EFT Dep ACCESSPAY LeeNola Simpson,,,,unresolved,
MISCELLANEOUS DEBIT V2572 05/05 APPLE.COM/BILL SYDNEY 74564456125,Apple,APPLE.COM/BILL,,knowledge_base_keyword,MISCELLANEOUS DEBIT V2572 10/05 APPLE.COM/BILL SYDNEY 74798066130
SALARY KOUA01 Discovery Holida Angela Kouvoussi,,,,unresolved,
MISCELLANEOUS DEBIT V2572 15/05 APPLE.COM/BILL SYDNEY 74798066135,Apple,APPLE.COM/BILL,,knowledge_base_keyword,MISCELLANEOUS DEBIT V2572 10/05 APPLE.COM/BILL SYDNEY 74798066130
MISCELLANEOUS DEBIT V2572 21/03 APPLE.COM/BILL SYDNEY 74798066080,Apple,APPLE.COM/BILL,,knowledge_base_keyword,MISCELLANEOUS DEBIT V2572 10/05 APPLE.COM/BILL SYDNEY 74798066130
MISCELLANEOUS DEBIT V2572 02/05 APPLE.COM/BILL SYDNEY 74798066122,Apple,APPLE.COM/BILL,,knowledge_base_keyword,MISCELLANEOUS DEBIT V2572 10/05 APPLE.COM/BILL SYDNEY 74798066130
MISCELLANEOUS DEBIT V2572 05/03 APPLE.COM/BILL SYDNEY 74798066064,Apple,APPLE.COM/BILL,,knowledge_base_keyword,MISCELLANEOUS DEBIT V2572 10/05 APPLE.COM/BILL SYDNEY 74798066130
MISCELLANEOUS DEBIT V2572 20/11 HUBBL - BINGE 131999 74069885324,Hubbl,HUBBL - BINGE,,knowledge_base_direct,MISCELLANEOUS DEBIT V2572 20/11 HUBBL - BINGE 131999 74069885324
MISCELLANEOUS DEBIT V2572 22/01 PETSTOCK AUSTRALIA BALLARAT 74201336023,Petstock,PETSTOCK,,knowledge_base_direct,MISCELLANEOUS DEBIT V2572 22/01 PETSTOCK AUSTRALIA BALLARAT 74201336023
MISCELLANEOUS DEBIT V2965 01/05 STP*V*fineloapp Limassol 24871156121,Finelo Limited,STP*V*fineloapp,,knowledge_base_direct,MISCELLANEOUS DEBIT V2965 01/05 STP*V*fineloapp Limassol 24871156121
MISCELLANEOUS DEBIT V2965 21/03 SODEXO REMOTE SITES TOM PRICE 74940526080,Sodexo,SODEXO REMOTE SITES,,knowledge_base_direct,MISCELLANEOUS DEBIT V2965 21/03 SODEXO REMOTE SITES TOM PRICE 74940526080
MISCELLANEOUS DEBIT V2965 22/01 PREZZEE* PREZZEE/AU828 SYDNEY 74201336023,Prezzee,PREZZEE* PREZZEE/AU828,,knowledge_base_direct,MISCELLANEOUS DEBIT V2965 22/01 PREZZEE* PREZZEE/AU828 SYDNEY 74201336023
MISCELLANEOUS DEBIT V2965 31/12 GOOGLE*FINDO FIND MY G.CO/HELPP 74316015365,Findo,FINDO FIND MY,,knowledge_base_direct,MISCELLANEOUS DEBIT V2965 31/12 GOOGLE*FINDO FIND MY G.CO/HELPP 74316015365
MISCELLANEOUS DEBIT V2965 02/05 STAROLY STAROLY.CO 24064666122,Staroly,STAROLY,,knowledge_base_direct,MISCELLANEOUS DEBIT V2965 02/05 STAROLY STAROLY.CO 24064666122
SP MONTU GROUP PTY LTD EAST MELBOURN VI AUS Card xx4812 Value Date: 10/03/2026,Montu Group Pty Ltd,MONTU GROUP PTY LTD,,knowledge_base_direct,SP MONTU GROUP PTY LTD EAST MELBOURN VI AUS Card xx4812 Value Date: 10/03/2026
HARRUP PARK COUNTRY MACKAY QL AUS Card xx4812 Value Date: 05/12/2025,Harrup Park Country Club,HARRUP PARK COUNTRY,,knowledge_base_direct,HARRUP PARK COUNTRY MACKAY QL AUS Card xx4812 Value Date: 05/12/2025
